primary_system;hdb_nw_sid;hdb_tenant;system_type;system_staging;system_sla;system_vm_type;system_vm_flavor;system_vdns;system_az;hdb_data_min;hdb_data_max;hdb_log_min;hdb_log_max;hdb_shared_min;hdb_shared_max;Instance_no
MUP;MHP;MUP;HDB;rg-sap-010msb-prod;SLA1;Standard_E32ds_v5;hdb-t-e;hdbmhpa;3;1;2;3;4;5;6;05
MUP;MHP;MUP;HDB-HA;rg-sap-010msb-prod;SLA1;Standard_E32ds_v5;hdb-t-e;hdbmhpb;2;1;2;3;4;5;6;05
MUP;MHP;MUP;ASCS;rg-sap-010msb-prod;SLA1;Standard_E8as_v4;sapapp-m-e;ascses2mup;3;1;2;3;4;5;6;03
MUP;MHP;MUP;PAI;rg-sap-010msb-prod;SLA1;Standard_E8as_v4;sapapp-m-e;paimup;3;1;2;3;4;5;6;05
MUP;MHP;MUP;AAS;rg-sap-010msb-prod;SLA1;Standard_E16as_v5;sapapp-l-e;app60mup;3;1;2;3;4;5;6;60
MUP;MHP;MUP;WDP;rg-sap-010msb-prod;SLA1;Standard_E8as_v4;sapapp-m-e;mup;3;1;2;3;4;5;6;05
MUP;MHP;MUP;AAS;rg-sap-010msb-prod;SLA1;Standard_E16as_v5;sapapp-l-e;app61mup;2;1;2;3;4;5;6;61
MUP;MHP;MUP;AAS;rg-sap-010msb-prod;SLA1;Standard_E16as_v5;sapapp-l-e;app62mup;2;1;2;3;4;5;6;62
MUQ;MHQ;MUQ;HDB;rg-sap-011msb-nonprod;SLA3;E20ds_v4;hana-160g-e;hdbmhqa;1;1;2;3;4;5;6;05
MUQ;MHQ;MUQ;ASCS;rg-sap-011msb-nonprod;SLA3;E4ds_v4;nw-32g;ascses2muq;1;1;2;3;4;5;6;25
MUQ;MHQ;MUQ;PAI;rg-sap-011msb-nonprod;SLA3;E4ds_v4;nw-32g;paimuq;1;1;2;3;4;5;6;05
MUQ;MHQ;MUQ;WDP;rg-sap-011msb-nonprod;SLA3;E4ds_v4;nw-32g;muq;1;1;2;3;4;5;6;05
MUK;MHK;MUK;HDB;rg-sap-011msb-nonprod;SLA3;E20ds_v4;hana-160g-e;hdbmhka;1;1;2;3;4;5;6;05
MUK;MHK;MUK;ASCS;rg-sap-011msb-nonprod;SLA3;E4ds_v4;nw-32g;ascses2muk;1;1;2;3;4;5;6;25
MUK;MHK;MUK;PAI;rg-sap-011msb-nonprod;SLA3;E4ds_v4;nw-32g;paimuk;1;1;2;3;4;5;6;05
MUK;MHK;MUK;WDP;rg-sap-011msb-nonprod;SLA3;E4ds_v4;nw-32g;muk;1;1;2;3;4;5;6;05
MUI;MHI;MUI;HDB;rg-sap-011msb-nonprod;SLA3;E20ds_v4;hana-160g-e;hdbmhia;1;1;2;3;4;5;6;05
MUI;MHI;MUI;ASCS;rg-sap-011msb-nonprod;SLA3;E4ds_v4;nw-32g;ascses2mui;1;1;2;3;4;5;6;25
MUI;MHI;MHI;PAI;rg-sap-011msb-nonprod;SLA3;E4ds_v4;nw-32g;paimui;1;1;2;3;4;5;6;05
MUI;MHI;MHI;WDP;rg-sap-011msb-nonprod;SLA3;E4ds_v4;nw-32g;mui;1;1;2;3;4;5;6;05
SD1;SH1;SD1;HDB;rg-sap-011msb-nonprod;SLA4;Standard_Standard_E32ds_v5;hdb-t-e;hdbsh1a;1;1;2;3;4;5;6;08
SD1;SH1;SD1;ASCS;rg-sap-011msb-nonprod;SLA4;Standard_Standard_E4as_v4;sapapp-s-e;ascses2sd1;1;1;2;3;4;5;6;28
SD1;SH1;SD1;PAI;rg-sap-011msb-nonprod;SLA4;Standard_Standard_E4as_v4;sapapp-s-e;paisd1;1;1;2;3;4;5;6;08
SD1;SH1;SD1;WDP;rg-sap-011msb-nonprod;SLA4;Standard_Standard_E4as_v4;sapapp-s-e;sd1;1;1;2;3;4;5;6;08
SD2;SH2;SD2;HDB;rg-sap-011msb-nonprod;SLA4;Standard_Standard_E32ds_v5;hdb-t-e;hdbsh2a;1;1;2;3;4;5;6;08
SD2;SH2;SD2;ASCS;rg-sap-011msb-nonprod;SLA4;Standard_Standard_E4as_v4;sapapp-s-e;ascses2sd2;1;1;2;3;4;5;6;28
SD2;SH2;SD2;PAI;rg-sap-011msb-nonprod;SLA4;Standard_Standard_E4as_v4;sapapp-s-e;paisd2;1;1;2;3;4;5;6;08
SD2;SH2;SD2;WDP;rg-sap-011msb-nonprod;SLA4;Standard_Standard_E4as_v4;sapapp-s-e;sd2;1;1;2;3;4;5;6;08
ASP;AHP;ASP;HDB;rg-sap-330ads-prod;SLA1;Standard_E32ds_v5;hdb-t-e;hdbahpa;3;1;2;3;4;5;6;16
ASP;AHP;ASP;HDB-HA;rg-sap-330ads-prod;SLA1;Standard_E32ds_v5;hdb-t-e;hdbahpb;2;1;2;3;4;5;6;16
ASP;AHP;ASP;SCS;rg-sap-330ads-prod;SLA1;Standard_E8as_v4;sapapp-m-e;scsasp;3;1;2;3;4;5;6;56
ASP;AHP;ASP;JAS;rg-sap-330ads-prod;SLA1;Standard_E8as_v4;sapapp-m-e;j16asp;3;1;2;3;4;5;6;16
ASP;AHP;ASP;WDP;rg-sap-330ads-prod;SLA1;Standard_E8as_v4;sapapp-m-e;asp;3;1;2;3;4;5;6;56
BHP;BHP;systemdb;HDB;rg-sap-210bw-prod;SLA2;Standard_M416s_v2;hdb-xxla-m;hdbbhpa;3;1;2;3;4;5;6;70
BHP;BHP;HLP;HDB;rg-sap-210bw-prod;SLA2;Standard_M416s_v2;hdb-xxla-m;hdbbhpa;3;1;2;3;4;5;6;70
BHP;BHP;HZP;HDB;rg-sap-210bw-prod;SLA2;Standard_M416s_v2;hdb-xxla-m;hdbbhpa;3;1;2;3;4;5;6;70
BHP;BHP;HNP;HDB;rg-sap-210bw-prod;SLA2;Standard_M416s_v2;hdb-xxla-m;hdbbhpa;3;1;2;3;4;5;6;70
BWP;BHP;BHP;WDP;rg-sap-210bw-prod;SLA2;Standard_M416s_v2;hdb-xxla-m;bwp;3;1;2;3;4;5;6;04
BZP;BHP;BZP;ASCS;rg-sap-210bw-prod;SLA2;Standard_E16as_v4;sapapp-l-e;ascsbzp;3;1;2;3;4;5;6;39
BZP;BHP;BZP;PAI;rg-sap-210bw-prod;SLA2;Standard_E16as_v4;sapapp-l-e;paibzp;3;1;2;3;4;5;6;19
BZP;BHP;BZP;WDP;rg-sap-210bw-prod;SLA2;Standard_E16as_v4;sapapp-l-e;bzp;3;1;2;3;4;5;6;39
ILP;BHP;ILP;HDB;rg-sap-210bw-prod;SLA2;Standard_M416s_v2;hdb-xxla-m;hdbbhpa;3;1;2;3;4;5;6;70
ILP;BHP;ILP;ASCS;rg-sap-210bw-prod;SLA2;Standard_E16as_v4;sapapp-l-e;ascses2ilp-n;3;1;2;3;4;5;6;38
ILP;BHP;ILP;PAI;rg-sap-210bw-prod;SLA2;Standard_E16as_v4;sapapp-l-e;paiilp-n;3;1;2;3;4;5;6;18
ILP;BHP;ILP;WDP;rg-sap-210bw-prod;SLA2;Standard_E16as_v4;sapapp-l-e;ilp-n;3;1;2;3;4;5;6;38
IZP;BHP;IZP;ASCS;rg-sap-210bw-prod;SLA2;Standard_E16as_v4;sapapp-l-e;ascses2izp;3;1;2;3;4;5;6;37
IZP;BHP;IZP;PAI;rg-sap-210bw-prod;SLA2;Standard_E16as_v4;sapapp-l-e;paiizp;3;1;2;3;4;5;6;17
IZP;BHP;IZP;WDP;rg-sap-210bw-prod;SLA2;Standard_E16as_v4;sapapp-l-e;izp;3;1;2;3;4;5;6;37
IKP;BHP;IKP;ASCS;rg-sap-210bw-prod;SLA2;Standard_E16as_v4;sapapp-l-e;ascses2ikp;3;1;2;3;4;5;6;24
IKP;BHP;IKP;PAI;rg-sap-210bw-prod;SLA2;Standard_E16as_v4;sapapp-l-e;paiikp;3;1;2;3;4;5;6;04
IKP;BHP;IKP;WDP;rg-sap-210bw-prod;SLA2;Standard_E16as_v4;sapapp-l-e;ikp;3;1;2;3;4;5;6;24
SMP;SHP;SMP;HDB;rg-sap-310solman-prod;SLA2;Standard_E64ds_v5;hdb-xs-e;hdbshpa;1;1;2;3;4;5;6;73
SMP;SHP;SMP;ASCS;rg-sap-310solman-prod;SLA2;Standard_E16as_v4;sapapp-l-e;ascssmp;1;1;2;3;4;5;6;92
SMP;SHP;SMP;PAI;rg-sap-310solman-prod;SLA2;Standard_E16as_v4;sapapp-l-e;cismp;1;1;2;3;4;5;6;95
SMP;SHP;SMP;WDP;rg-sap-310solman-prod;SLA2;Standard_E16as_v4;sapapp-l-e;smp;1;1;2;3;4;5;6;92
SJP;SHP;SMP;SCS;rg-sap-310solman-prod;SLA2;Standard_E16as_v4;sapapp-l-e;scssjp;1;1;2;3;4;5;6;96
SJP;SHP;SMP;JAS;rg-sap-310solman-prod;SLA2;Standard_E16as_v4;sapapp-l-e;j97sjp;1;1;2;3;4;5;6;97
SJP;SHP;SMP;WDP;rg-sap-310solman-prod;SLA2;Standard_E16as_v4;sapapp-l-e;sjp;1;1;2;3;4;5;6;96
SVP;VHP;SVP;HDB;rg-sap-130sms-prod;SLA1;Standard_E64ds_v5;hdb-xs-e;hdbvhpa;3;1;2;3;4;5;6;10
SVP;VHP;SVP;HDB-HA;rg-sap-130sms-prod;SLA1;Standard_E64ds_v5;hdb-xs-e;hdbvhpb;2;1;2;3;4;5;6;10
SVP;VHP;SVP;ASCS;rg-sap-130sms-prod;SLA1;Standard_E16as_v4;sapapp-l-e;ascssvp-n;3;1;2;3;4;5;6;30
SVP;VHP;SVP;PAI;rg-sap-130sms-prod;SLA1;Standard_E16as_v4;sapapp-l-e;paisvp-n;3;1;2;3;4;5;6;10
SVP;VHP;SVP;WDP;rg-sap-130sms-prod;SLA1;Standard_E16as_v4;sapapp-l-e;svp-n;3;1;2;3;4;5;6;30
SVP;VHP;SVP;AAS;rg-sap-130sms-prod;SLA1;Standard_E16as_v4;sapapp-l-e;app60svp-n;2;1;2;3;4;5;6;60
STP;STP;STP;TREX?;rg-sap-130sms-prod;SLA1;;;;;;;;;;;
STP;STP;STP;TREX?;rg-sap-130sms-prod;SLA1;;;;;;;;;;;
ZBP;ZHP;ZBP;HDB;rg-sap-320zbv-prod;SLA2;Standard_E32ds_v5;hdb-t-e;hdbzhpa;1;1;2;3;4;5;6;15
ZBP;ZHP;ZBP;ASCS;rg-sap-320zbv-prod;SLA2;Standard_E8as_v4;sapapp-m-e;ascszbp-n;1;1;2;3;4;5;6;35
ZBP;ZHP;ZBP;PAI;rg-sap-320zbv-prod;SLA2;Standard_E8as_v4;sapapp-m-e;cizbp-n;1;1;2;3;4;5;6;15
ZBP;ZHP;ZBP;WDP;rg-sap-320zbv-prod;SLA2;Standard_E8as_v4;sapapp-m-e;zbp-n;1;1;2;3;4;5;6;35
SPP;SDP;SPP;HDB;rg-sap-150sp-prod;SLA2;Standard_E64ds_v5;hdb-xs-e;hdbsdpa;3;1;2;3;4;5;6;14
SPP;SDP;SPP;SCS;rg-sap-150sp-prod;SLA2;Standard_E16as_v4;sapapp-l-e;scsspp-n;3;1;2;3;4;5;6;54
SPP;SDP;SPP;JAS;rg-sap-150sp-prod;SLA2;Standard_E16as_v4;sapapp-l-e;j14spp-n;3;1;2;3;4;5;6;14
SPP;SDP;SPP;WDP;rg-sap-150sp-prod;SLA2;Standard_E16as_v4;sapapp-l-e;spp-n;3;1;2;3;4;5;6;54
NGP;NDP;NGP;HDB;rg-sap-060leg_ngw-prod;SLA1;Standard_E32ds_v5;hdb-t-e;hdbndpa;3;1;2;3;4;5;6;03
NGP;NDP;NGP;HDB-HA;rg-sap-060leg_ngw-prod;SLA1;Standard_E32ds_v5;hdb-t-e;hdbndpb;2;1;2;3;4;5;6;03
NGP;NDP;NGP;ASCS;rg-sap-060leg_ngw-prod;SLA1;Standard_E8as_v4;sapapp-m-e;ascsngp-n;3;1;2;3;4;5;6;23
NGP;NDP;NGP;PAI;rg-sap-060leg_ngw-prod;SLA1;Standard_E8as_v4;sapapp-m-e;paingp-n;3;1;2;3;4;5;6;03
NGP;NDP;NGP;AAS;rg-sap-060leg_ngw-prod;SLA1;Standard_E8as_v4;sapapp-m-e;app60ngp-n;2;1;2;3;4;5;6;60
NGP;NDP;NGP;WDP;rg-sap-060leg_ngw-prod;SLA1;Standard_E8as_v4;sapapp-m-e;ngp-n;3;1;2;3;4;5;6;23
ASK;AHK;ASK;HDB;rg-sap-331ads-nonprod;SLA3;Standard_E32ds_v5;hdb-t-e;hdbahka;3;1;2;3;4;5;6;16
ASK;AHK;ASK;SCS;rg-sap-331ads-nonprod;SLA3;Standard_E8as_v4;sapapp-m-e;scsask;3;1;2;3;4;5;6;56
ASK;AHK;ASK;JAS;rg-sap-331ads-nonprod;SLA3;Standard_E8as_v4;sapapp-m-e;j16ask;3;1;2;3;4;5;6;16
ASK;AHK;ASK;WDP;rg-sap-331ads-nonprod;SLA3;Standard_E8as_v4;sapapp-m-e;ask;3;1;2;3;4;5;6;56
BHI;BHI;systemdb;HDB;rg-sap-211bw-nonprod;SLA3;Standard_M416s_v2;hdb-xxla-m;hdbbhia;3;1;2;3;4;5;6;71
BHI;BHI;HLI;HDB;rg-sap-211bw-nonprod;SLA3;Standard_M416s_v2;hdb-xxla-m;hdbbhia;3;1;2;3;4;5;6;71
BHI;BHI;HZI;HDB;rg-sap-211bw-nonprod;SLA3;Standard_M416s_v2;hdb-xxla-m;hdbbhia;3;1;2;3;4;5;6;71
BHI;BHI;HNI;HDB;rg-sap-211bw-nonprod;SLA3;Standard_M416s_v2;hdb-xxla-m;hdbbhia;3;1;2;3;4;5;6;71
BWI;BHI;BHI;WDP;rg-sap-211bw-nonprod;SLA3;Standard_M416s_v2;hdb-xxla-m;bwi;3;1;2;3;4;5;6;04
BZK;BHI;BZK;ASCS;rg-sap-211bw-nonprod;SLA3;Standard_E8as_v4;sapapp-m-e;ascsbzk;3;1;2;3;4;5;6;39
BZK;BHI;BZK;PAI;rg-sap-211bw-nonprod;SLA3;Standard_E8as_v4;sapapp-m-e;paibzk;3;1;2;3;4;5;6;19
BZK;BHI;BZK;WDP;rg-sap-211bw-nonprod;SLA3;Standard_E8as_v4;sapapp-m-e;bzk;3;1;2;3;4;5;6;39
ILK;BHI;ILK;HDB;rg-sap-211bw-nonprod;SLA3;Standard_M416s_v2;hdb-xxla-m;hdbbhia;3;1;2;3;4;5;6;71
ILK;BHI;ILK;ASCS;rg-sap-211bw-nonprod;SLA3;Standard_E8as_v4;sapapp-m-e;ascses2ilk-n;3;1;2;3;4;5;6;38
ILK;BHI;ILK;PAI;rg-sap-211bw-nonprod;SLA3;Standard_E8as_v4;sapapp-m-e;paiilk-n;3;1;2;3;4;5;6;18
ILK;BHI;ILK;WDP;rg-sap-211bw-nonprod;SLA3;Standard_E8as_v4;sapapp-m-e;ilk-n;3;1;2;3;4;5;6;38
IZK;BHI;IZK;ASCS;rg-sap-211bw-nonprod;SLA3;Standard_E8as_v4;sapapp-m-e;ascses2izk;3;1;2;3;4;5;6;37
IZK;BHI;IZK;PAI;rg-sap-211bw-nonprod;SLA3;Standard_E8as_v4;sapapp-m-e;paiizk;3;1;2;3;4;5;6;17
IZK;BHI;IZK;WDP;rg-sap-211bw-nonprod;SLA3;Standard_E8as_v4;sapapp-m-e;izk;3;1;2;3;4;5;6;37
IKK;BHI;IKK;ASCS;rg-sap-211bw-nonprod;SLA3;Standard_E8as_v4;sapapp-m-e;ascses2ikk;3;1;2;3;4;5;6;24
IKK;BHI;IKK;PAI;rg-sap-211bw-nonprod;SLA3;Standard_E8as_v4;sapapp-m-e;paiikk;3;1;2;3;4;5;6;04
IKK;BHI;IKK;WDP;rg-sap-211bw-nonprod;SLA3;Standard_E8as_v4;sapapp-m-e;ikk;3;1;2;3;4;5;6;24
ILQ;BHI;ILQ;ASCS;rg-sap-211bw-nonprod;SLA3;Standard_E16as_v4;sapapp-l-e;ascses2ilq;3;1;2;3;4;5;6;38
ILQ;BHI;ILQ;PAI;rg-sap-211bw-nonprod;SLA3;Standard_E16as_v4;sapapp-l-e;paiilq;3;1;2;3;4;5;6;18
ILQ;BHI;ILQ;WDP;rg-sap-211bw-nonprod;SLA3;Standard_E16as_v4;sapapp-l-e;ilq;3;1;2;3;4;5;6;38
IZQ;BHI;IZQ;ASCS;rg-sap-211bw-nonprod;SLA3;Standard_E16as_v4;sapapp-l-e;ascses2izq;3;1;2;3;4;5;6;37
IZQ;BHI;IZQ;PAI;rg-sap-211bw-nonprod;SLA3;Standard_E16as_v4;sapapp-l-e;paiizq;3;1;2;3;4;5;6;17
IZQ;BHI;IZQ;WDP;rg-sap-211bw-nonprod;SLA3;Standard_E16as_v4;sapapp-l-e;izq;3;1;2;3;4;5;6;37
IKQ;BHI;IKQ;ASCS;rg-sap-211bw-nonprod;SLA3;Standard_E16as_v4;sapapp-l-e;ascses2ikq;3;1;2;3;4;5;6;24
IKQ;BHI;IKQ;PAI;rg-sap-211bw-nonprod;SLA3;Standard_E16as_v4;sapapp-l-e;paiikq;3;1;2;3;4;5;6;04
IKQ;BHI;IKQ;WDP;rg-sap-211bw-nonprod;SLA3;Standard_E16as_v4;sapapp-l-e;ikq;3;1;2;3;4;5;6;24
SMK;SHK;SMK;HDB;rg-sap-311solman-nonprod;SLA3;Standard_E64ds_v5;hdb-xs-e;hdbshka;1;1;2;3;4;5;6;73
SMK;SHK;SMK;ASCS;rg-sap-311solman-nonprod;SLA3;Standard_E8as_v4;sapapp-m-e;ascssmk-n;1;1;2;3;4;5;6;97
SMK;SHK;SMK;PAI;rg-sap-311solman-nonprod;SLA3;Standard_E8as_v4;sapapp-m-e;cismk-n;1;1;2;3;4;5;6;93
SMK;SHK;SMK;WDP;rg-sap-311solman-nonprod;SLA3;Standard_E8as_v4;sapapp-m-e;smk-n;1;1;2;3;4;5;6;97
SJK;SHK;SMK;SCS;rg-sap-311solman-nonprod;SLA3;Standard_E8as_v4;sapapp-m-e;scssjk;1;1;2;3;4;5;6;94
SJK;SHK;SMK;JAS;rg-sap-311solman-nonprod;SLA3;Standard_E8as_v4;sapapp-m-e;j92sjk;1;1;2;3;4;5;6;92
SJK;SHK;SMK;WDP;rg-sap-311solman-nonprod;SLA3;Standard_E8as_v4;sapapp-m-e;sjk;1;1;2;3;4;5;6;94
SVQ;VHQ;SVQ;HDB;rg-sap-131sms-nonprod;SLA3;Standard_E64ds_v5;hdb-xs-e;hdbvhqa;3;1;2;3;4;5;6;10
SVQ;VHQ;SVQ;ASCS;rg-sap-131sms-nonprod;SLA3;Standard_E16as_v4;sapapp-l-e;ascses2svq;3;1;2;3;4;5;6;30
SVQ;VHQ;SVQ;PAI;rg-sap-131sms-nonprod;SLA3;Standard_E16as_v4;sapapp-l-e;paisvq;3;1;2;3;4;5;6;10
RTS;RTS;RTS;TREX?;rg-sap-131sms-nonprod;SLA3;;;;;;;;;;;
RTS;RTS;RTS;TREX?;rg-sap-131sms-nonprod;SLA3;;;;;;;;;;;
SVQ;VHQ;SVQ;WDP;rg-sap-131sms-nonprod;SLA3;Standard_E16as_v4;sapapp-l-e;svq;3;1;2;3;4;5;6;30
SVK;VHK;SVK;HDB;rg-sap-131sms-nonprod;SLA3;Standard_E64ds_v5;hdb-xs-e;hdbvhka;1;1;2;3;4;5;6;10
SVK;VHK;SVK;ASCS;rg-sap-131sms-nonprod;SLA3;Standard_E16as_v4;sapapp-l-e;ascssvk-n;1;1;2;3;4;5;6;30
SVK;VHK;SVK;PAI;rg-sap-131sms-nonprod;SLA3;Standard_E16as_v4;sapapp-l-e;paisvk-n;1;1;2;3;4;5;6;10
SVK;VHK;SVK;WDP;rg-sap-131sms-nonprod;SLA3;Standard_E16as_v4;sapapp-l-e;svk-n;1;1;2;3;4;5;6;30
SVX;VHX;SVX;HDB;rg-sap-131sms-nonprod;SLA3;Standard_E64ds_v5;hdb-xs-e;hdbvhxa;3;1;2;3;4;5;6;10
SVX;VHX;SVX;ASCS;rg-sap-131sms-nonprod;SLA3;Standard_E16as_v4;sapapp-l-e;ascses2svx;3;1;2;3;4;5;6;30
SVX;VHX;SVX;PAI;rg-sap-131sms-nonprod;SLA3;Standard_E16as_v4;sapapp-l-e;paisvx;3;1;2;3;4;5;6;10
SVX;VHX;SVX;WDP;rg-sap-131sms-nonprod;SLA3;Standard_E16as_v4;sapapp-l-e;svx;3;1;2;3;4;5;6;30
SVI;VHI;SVI;HDB;rg-sap-131sms-nonprod;SLA3;Standard_E64ds_v5;hdb-xs-e;hdbvhia;1;1;2;3;4;5;6;10
SVI;VHI;SVI;ASCS;rg-sap-131sms-nonprod;SLA3;Standard_E8as_v4;sapapp-m-e;ascssvi-n;1;1;2;3;4;5;6;30
SVI;VHI;SVI;PAI;rg-sap-131sms-nonprod;SLA3;Standard_E8as_v4;sapapp-m-e;paisvi-n;1;1;2;3;4;5;6;10
SVI;VHI;SVI;WDP;rg-sap-131sms-nonprod;SLA3;Standard_E8as_v4;sapapp-m-e;svi-n;1;1;2;3;4;5;6;30
SVW;VHW;SVW;HDB;rg-sap-131sms-nonprod;SLA3;Standard_E64ds_v5;hdb-xs-e;hdbvhwa;3;1;2;3;4;5;6;10
SVW;VHW;SVW;ASCS;rg-sap-131sms-nonprod;SLA3;Standard_E8as_v5;sapapp-m-e;ascses2svw;3;1;2;3;4;5;6;30
SVW;VHW;SVW;PAI;rg-sap-131sms-nonprod;SLA3;Standard_E8as_v5;sapapp-m-e;paisvw;3;1;2;3;4;5;6;10
SVW;VHW;SVW;WDP;rg-sap-131sms-nonprod;SLA3;Standard_E8as_v5;sapapp-m-e;svw;3;1;2;3;4;5;6;30
ZBI;ZHI;ZBI;HDB;rg-sap-321zbv-nonprod;SLA3;Standard_E32ds_v5;hdb-t-e;hdbzhia;1;1;2;3;4;5;6;15
ZBI;ZHI;ZBI;ASCS;rg-sap-321zbv-nonprod;SLA3;Standard_E8as_v4;sapapp-m-e;ascszbi-n;1;1;2;3;4;5;6;35
ZBI;ZHI;ZBI;PAI;rg-sap-321zbv-nonprod;SLA3;Standard_E8as_v4;sapapp-m-e;cizbi-n;1;1;2;3;4;5;6;15
ZBI;ZHI;ZBI;WDP;rg-sap-321zbv-nonprod;SLA3;Standard_E8as_v4;sapapp-m-e;zbi-n;1;1;2;3;4;5;6;35
SPK;SDK;SPK;HDB;rg-sap-151sp-nonprod;SLA3;Standard_E64ds_v5;hdb-xs-e;hdbsdka;3;1;2;3;4;5;6;14
SPK;SDK;SPK;SCS;rg-sap-151sp-nonprod;SLA3;Standard_E16as_v4;sapapp-l-e;scsspk-n;3;1;2;3;4;5;6;54
SPK;SDK;SPK;JAS;rg-sap-151sp-nonprod;SLA3;Standard_E16as_v4;sapapp-l-e;j14spk-n;3;1;2;3;4;5;6;14
SPK;SDK;SPK;WDP;rg-sap-151sp-nonprod;SLA3;Standard_E16as_v4;sapapp-l-e;spk-n;3;1;2;3;4;5;6;54
NGK;NDK;NGK;HDB;rg-sap-061leg_ngw-nonprod;SLA3;Standard_E32ds_v5;hdb-t-e;hdbndka;1;1;2;3;4;5;6;03
NGK;NDK;NGK;ASCS;rg-sap-061leg_ngw-nonprod;SLA3;Standard_E8as_v4;sapapp-m-e;ascsngk-n;1;1;2;3;4;5;6;23
NGK;NDK;NGK;PAI;rg-sap-061leg_ngw-nonprod;SLA3;Standard_E8as_v4;sapapp-m-e;paingk-n;1;1;2;3;4;5;6;03
NGK;NDK;NGK;WDP;rg-sap-061leg_ngw-nonprod;SLA3;Standard_E8as_v4;sapapp-m-e;ngk-n;1;1;2;3;4;5;6;23
NGX;NDX;NGX;HDB;rg-sap-061leg_ngw-nonprod;SLA3;Standard_E32ds_v5;hdb-t-e;hdbndxa;3;1;2;3;4;5;6;03
NGX;NDX;NGX;ASCS;rg-sap-061leg_ngw-nonprod;SLA3;Standard_E8as_v4;sapapp-m-e;ascses2ngx;3;1;2;3;4;5;6;23
NGX;NDX;NGX;PAI;rg-sap-061leg_ngw-nonprod;SLA3;Standard_E8as_v4;sapapp-m-e;paingx;3;1;2;3;4;5;6;03
NGX;NDX;NGX;WDP;rg-sap-061leg_ngw-nonprod;SLA3;Standard_E8as_v4;sapapp-m-e;ngx;3;1;2;3;4;5;6;23
NGI;NDI;NGI;HDB;rg-sap-061leg_ngw-nonprod;SLA3;Standard_E32ds_v5;hdb-t-e;hdbndia;1;1;2;3;4;5;6;03
NGI;NDI;NGI;ASCS;rg-sap-061leg_ngw-nonprod;SLA3;Standard_E4as_v4;sapapp-s-e;ascsngi-n;1;1;2;3;4;5;6;23
NGI;NDI;NGI;PAI;rg-sap-061leg_ngw-nonprod;SLA3;Standard_E4as_v4;sapapp-s-e;paingi-n;1;1;2;3;4;5;6;03
NGI;NDI;NGI;WDP;rg-sap-061leg_ngw-nonprod;SLA3;Standard_E4as_v4;sapapp-s-e;ngi-n;1;1;2;3;4;5;6;23
NGW;NDW;NGW;HDB;rg-sap-061leg_ngw-nonprod;SLA3;Standard_E32ds_v5;hdb-t-e;hdbndwa;3;1;2;3;4;5;6;03
NGW;NDW;NGW;ASCS;rg-sap-061leg_ngw-nonprod;SLA3;Standard_E4as_v4;sapapp-s-e;ascses2ngw;3;1;2;3;4;5;6;23
NGW;NDW;NGW;PAI;rg-sap-061leg_ngw-nonprod;SLA3;Standard_E4as_v4;sapapp-s-e;paingw;3;1;2;3;4;5;6;03
NGW;NDW;NGW;WDP;rg-sap-061leg_ngw-nonprod;SLA3;Standard_E4as_v4;sapapp-s-e;ngw;3;1;2;3;4;5;6;23
NGT;NDT;NGT;HDB;rg-sap-061leg_ngw-nonprod;SLA4;Standard_E32ds_v5;hdb-t-e;hdbndta;3;1;2;3;4;5;6;03
NGT;NDT;NGT;ASCS;rg-sap-061leg_ngw-nonprod;SLA4;Standard_E4as_v4;sapapp-s-e;ascses2ngt;3;1;2;3;4;5;6;23
NGT;NDT;NGT;PAI;rg-sap-061leg_ngw-nonprod;SLA4;Standard_E4as_v4;sapapp-s-e;paingt;3;1;2;3;4;5;6;03
NGT;NDT;NGT;WDP;rg-sap-061leg_ngw-nonprod;SLA4;Standard_E4as_v4;sapapp-s-e;ngt;3;1;2;3;4;5;6;23
LSK;LBK;LSK;HDB;rg-sap-161lso-nonprod;SLA3;Standard_E64ds_v5;hdb-xs-e;hdblbka;3;1;2;3;4;5;6;14
LSK;LBK;LSK;SCS;rg-sap-161lso-nonprod;SLA3;Standard_E8as_v4;sapapp-m-e;scslsk;3;1;2;3;4;5;6;54
LSK;LBK;LSK;JAS;rg-sap-161lso-nonprod;SLA3;Standard_E8as_v4;sapapp-m-e;j14lsk;3;1;2;3;4;5;6;14
LSK;LBK;LSK;WDP;rg-sap-161lso-nonprod;SLA3;Standard_E8as_v4;sapapp-m-e;lsk;3;1;2;3;4;5;6;54
LSP;LBP;LSP;HDB;rg-sap-160lso-prod;SLA2;Standard_E64ds_v5;hdb-xs-e;hdblbpa;3;1;2;3;4;5;6;14
LSP;LBP;LSP;SCS;rg-sap-160lso-prod;SLA2;Standard_E16as_v4;sapapp-l-e;scslsp;3;1;2;3;4;5;6;54
LSP;LBP;LSP;JAS;rg-sap-160lso-prod;SLA2;Standard_E16as_v4;sapapp-l-e;j14lsp;3;1;2;3;4;5;6;14
LSP;LBP;LSP;WDP;rg-sap-160lso-prod;SLA2;Standard_E16as_v4;sapapp-l-e;lsp;3;1;2;3;4;5;6;54
ILS;BHS;ILS;HDB;rg-sap-211bw-nonprod;SLA3;Standard_E32ds_v5;hdb-t-e;hdbbhsa;1;1;2;3;4;5;6;71
ILS;BHS;ILS;ASCS;rg-sap-211bw-nonprod;SLA3;Standard_E4as_v4;sapapp-s-e;ascses2ils;1;1;2;3;4;5;6;38
ILS;BHS;ILS;PAI;rg-sap-211bw-nonprod;SLA3;Standard_E4as_v4;sapapp-s-e;paiils;1;1;2;3;4;5;6;18
ILS;BHS;ILS;WDP;rg-sap-211bw-nonprod;SLA3;Standard_E4as_v4;sapapp-s-e;ils;1;1;2;3;4;5;6;38
ILT;BHT;ILT;HDB;rg-sap-211bw-nonprod;SLA3;Standard_E32ds_v5;hdb-t-e;hdbbhta;1;1;2;3;4;5;6;71
ILT;BHT;ILT;ASCS;rg-sap-211bw-nonprod;SLA3;Standard_E4as_v4;sapapp-s-e;ascses2ilt;1;1;2;3;4;5;6;38
ILT;BHT;ILT;PAI;rg-sap-211bw-nonprod;SLA3;Standard_E4as_v4;sapapp-s-e;paiilt;1;1;2;3;4;5;6;18
ILT;BHT;ILT;WDP;rg-sap-211bw-nonprod;SLA3;Standard_E4as_v4;sapapp-s-e;ilt;1;1;2;3;4;5;6;38
LWP;LDP;LWP;HDB;rg-sap-040leg_liefer-prod;SLA1;Standard_M208s_v2;hdb-l-m;hdbldpa;3;1;2;3;4;5;6;02
LWP;LDP;LWP;HDB-HA;rg-sap-040leg_liefer-prod;SLA1;Standard_M208s_v2;hdb-l-m;hdbldpb;2;1;2;3;4;5;6;02
LWP;LDP;LWP;ASCS;rg-sap-040leg_liefer-prod;SLA1;Standard_E32as_v5;sapapp-xl-e;ascslwp-n;3;1;2;3;4;5;6;22
LWP;LDP;LWP;PAI;rg-sap-040leg_liefer-prod;SLA1;Standard_E32as_v5;sapapp-xl-e;cilwp-n;3;1;2;3;4;5;6;02
LWP;LDP;LWP;WDP;rg-sap-040leg_liefer-prod;SLA1;Standard_E32as_v5;sapapp-xl-e;lwp-n;3;1;2;3;4;5;6;22
LWP;LDP;LWP;AAS;rg-sap-040leg_liefer-prod;SLA1;Standard_E16as_v5;sapapp-l-e;app60lwp-n;2;1;2;3;4;5;6;60
LWP;LDP;LWP;AAS;rg-sap-040leg_liefer-prod;SLA1;Standard_E16as_v5;sapapp-l-e;app61lwp-n;3;1;2;3;4;5;6;61
LWP;LDP;LWP;AAS;rg-sap-040leg_liefer-prod;SLA1;Standard_E16as_v5;sapapp-l-e;app62lwp-n;2;1;2;3;4;5;6;62
LWK;LDK;LWK;HDB;rg-sap-041leg_liefer-nonprod;SLA3;Standard_M208s_v2;hdb-l-m;hdbldka;3;1;2;3;4;5;6;02
LWK;LDK;LWK;ASCS;rg-sap-041leg_liefer-nonprod;SLA3;Standard_E32as_v5;sapapp-xl-e;ascslwk-n;3;1;2;3;4;5;6;22
LWK;LDK;LWK;PAI;rg-sap-041leg_liefer-nonprod;SLA3;Standard_E32as_v5;sapapp-xl-e;cilwk-n;3;1;2;3;4;5;6;02
LWK;LDK;LWK;WDP;rg-sap-041leg_liefer-nonprod;SLA3;Standard_E32as_v5;sapapp-xl-e;lwk-n;3;1;2;3;4;5;6;22
LWI;LDI;LWI;HDB;rg-sap-041leg_liefer-nonprod;SLA3;Standard_E64ds_v5;hdb-xs-e;hdbldia;3;1;2;3;4;5;6;80
LWI;LDI;LWI;ASCS;rg-sap-041leg_liefer-nonprod;SLA3;Standard_E32as_v5;sapapp-xl-e;ascslwi;3;1;2;3;4;5;6;81
LWI;LDI;LWI;PAI;rg-sap-041leg_liefer-nonprod;SLA3;Standard_E32as_v5;sapapp-xl-e;cilwi;3;1;2;3;4;5;6;80
LWI;LDI;LWI;WDP;rg-sap-041leg_liefer-nonprod;SLA3;Standard_E32as_v5;sapapp-xl-e;lwi;3;1;2;3;4;5;6;81
LWZ;LDZ;LWZ;HDB;rg-sap-041leg_liefer-nonprod;SLA3;Standard_E64ds_v5;hdb-xs-e;hdbldza;3;1;2;3;4;5;6;80
LWZ;LDZ;LWZ;ASCS;rg-sap-041leg_liefer-nonprod;SLA3;Standard_E8as_v5;sapapp-xl-e;ascslwz;3;1;2;3;4;5;6;81
LWZ;LDZ;LWZ;PAI;rg-sap-041leg_liefer-nonprod;SLA3;Standard_E8as_v5;sapapp-xl-e;cilwz;3;1;2;3;4;5;6;80
LWZ;LDZ;LWZ;WDP;rg-sap-041leg_liefer-nonprod;SLA3;Standard_E8as_v5;sapapp-xl-e;lwz;3;1;2;3;4;5;6;81
CRP;CDP;CRP;HDB;rg-sap-050leg_crm-prod;SLA1;Standard_E96ds_v5;hdb-s-e;hdbcdpa;3;1;2;3;4;5;6;06
CRP;CDP;CRP;HDB-HA;rg-sap-050leg_crm-prod;SLA1;Standard_E96ds_v5;hdb-s-e;hdbcdpb;2;1;2;3;4;5;6;06
CRP;CDP;CRP;ASCS;rg-sap-050leg_crm-prod;SLA1;Standard_E32as_v5;sapapp-xl-e;ascscrp-n;3;1;2;3;4;5;6;26
CRP;CDP;CRP;PAI;rg-sap-050leg_crm-prod;SLA1;Standard_E32as_v5;sapapp-xl-e;cicrp-n;3;1;2;3;4;5;6;06
CRP;CDP;CRP;WDP;rg-sap-050leg_crm-prod;SLA1;Standard_E32as_v5;sapapp-xl-e;crp-n;3;1;2;3;4;5;6;26
CRP;CDP;CRP;AAS;rg-sap-050leg_crm-prod;SLA1;Standard_E16as_v5;sapapp-l-e;app60crp-n;2;1;2;3;4;5;6;60
CRP;CDP;CRP;AAS;rg-sap-050leg_crm-prod;SLA1;Standard_E16as_v5;sapapp-l-e;app61crp-n;3;1;2;3;4;5;6;61
CRP;CDP;CRP;AAS;rg-sap-050leg_crm-prod;SLA1;Standard_E16as_v5;sapapp-l-e;app62crp-n;2;1;2;3;4;5;6;62
CRK;CDK;CRK;HDB;rg-sap-051leg_crm-nonprod;SLA3;Standard_E96ds_v5;hdb-s-e;hdbcdka;3;1;2;3;4;5;6;06
CRK;CDK;CRK;ASCS;rg-sap-051leg_crm-nonprod;SLA3;Standard_E32as_v5;sapapp-xl-e;ascscrk-n;3;1;2;3;4;5;6;26
CRK;CDK;CRK;PAI;rg-sap-051leg_crm-nonprod;SLA3;Standard_E32as_v5;sapapp-xl-e;cicrk-n;3;1;2;3;4;5;6;06
CRK;CDK;CRK;WDP;rg-sap-051leg_crm-nonprod;SLA3;Standard_E32as_v5;sapapp-xl-e;crk-n;3;1;2;3;4;5;6;26
CRI;CDI;CRI;HDB;rg-sap-051leg_crm-nonprod;SLA3;Standard_E64ds_v5;hdb-xs-e;hdbcdia;3;1;2;3;4;5;6;06
CRI;CDI;CRI;ASCS;rg-sap-051leg_crm-nonprod;SLA3;Standard_E32as_v5;sapapp-xl-e;ascscri-n;3;1;2;3;4;5;6;26
CRI;CDI;CRI;PAI;rg-sap-051leg_crm-nonprod;SLA3;Standard_E32as_v5;sapapp-xl-e;cicri-n;3;1;2;3;4;5;6;06
CRI;CDI;CRI;WDP;rg-sap-051leg_crm-nonprod;SLA3;Standard_E32as_v5;sapapp-xl-e;cri-n;3;1;2;3;4;5;6;26
NWP;NBP;NWP;HDB;rg-sap-080leg_netz-prod;SLA1;Standard_M208s_v2;hdb-l-m;hdbnbpa;3;1;2;3;4;5;6;01
NWP;NBP;NWP;HDB-HA;rg-sap-080leg_netz-prod;SLA1;Standard_M208s_v2;hdb-l-m;hdbnbpb;2;1;2;3;4;5;6;01
NWP;NBP;NWP;ASCS;rg-sap-080leg_netz-prod;SLA1;Standard_E32as_v5;sapapp-xl-e;ascsnwp-n;3;1;2;3;4;5;6;21
NWP;NBP;NWP;PAI;rg-sap-080leg_netz-prod;SLA1;Standard_E32as_v5;sapapp-xl-e;cinwp-n;3;1;2;3;4;5;6;01
NWP;NBP;NWP;WDP;rg-sap-080leg_netz-prod;SLA1;Standard_E32as_v5;sapapp-xl-e;nwp-n;3;1;2;3;4;5;6;21
NWP;NBP;NWP;AAS;rg-sap-080leg_netz-prod;SLA1;Standard_E16as_v5;sapapp-l-e;app60nwp-n;2;1;2;3;4;5;6;60
NWP;NBP;NWP;AAS;rg-sap-080leg_netz-prod;SLA1;Standard_E16as_v5;sapapp-l-e;app61nwp-n;3;1;2;3;4;5;6;61
NWP;NBP;NWP;AAS;rg-sap-080leg_netz-prod;SLA1;Standard_E16as_v5;sapapp-l-e;app62nwp-n;2;1;2;3;4;5;6;62
NWK;NBK;NWK;HDB;rg-sap-081leg_netz-nonprod;SLA3;Standard_M208s_v2;hdb-l-m;hdbnbka;3;1;2;3;4;5;6;01
NWK;NBK;NWK;ASCS;rg-sap-081leg_netz-nonprod;SLA3;Standard_E32as_v5;sapapp-xl-e;ascsnwk-n;3;1;2;3;4;5;6;21
NWK;NBK;NWK;PAI;rg-sap-081leg_netz-nonprod;SLA3;Standard_E32as_v5;sapapp-xl-e;cinwk-n;3;1;2;3;4;5;6;01
NWK;NBK;NWK;WDP;rg-sap-081leg_netz-nonprod;SLA3;Standard_E32as_v5;sapapp-xl-e;nwk-n;3;1;2;3;4;5;6;21
NWI;NBI;NWI;HDB;rg-sap-081leg_netz-nonprod;SLA3;Standard_E64ds_v5;hdb-xs-e;hdbnbia;3;1;2;3;4;5;6;84
NWI;NBI;NWI;ASCS;rg-sap-081leg_netz-nonprod;SLA3;Standard_E32as_v5;sapapp-xl-e;ascsnwi-n;3;1;2;3;4;5;6;85
NWI;NBI;NWI;PAI;rg-sap-081leg_netz-nonprod;SLA3;Standard_E32as_v5;sapapp-xl-e;cinwi-n;3;1;2;3;4;5;6;84
NWI;NBI;NWI;WDP;rg-sap-081leg_netz-nonprod;SLA3;Standard_E32as_v5;sapapp-xl-e;nwi-n;3;1;2;3;4;5;6;85
NWS;NBS;NWS;HDB;rg-sap-081leg_netz-nonprod;SLA4;Standard_E32ds_v5;hdb-t-e;hdbnbsa;3;1;2;3;4;5;6;01
NWS;NBS;NWS;ASCS;rg-sap-081leg_netz-nonprod;SLA4;Standard_E4as_v5;sapapp-s-e;ascsnws-n;3;1;2;3;4;5;6;21
NWS;NBS;NWS;PAI;rg-sap-081leg_netz-nonprod;SLA4;Standard_E4as_v5;sapapp-s-e;cinws-n;3;1;2;3;4;5;6;01
NWS;NBS;NWS;WDP;rg-sap-081leg_netz-nonprod;SLA4;Standard_E4as_v5;sapapp-s-e;nws-n;3;1;2;3;4;5;6;21
KWP;KHP;KWP;HDB;rg-sap-140leg_klassik-prod;SLA1;Standard_M176ds_3_v3;hdb-2794-mv3;hdbkhpa;3;1;2;3;4;5;6;00
KWP;KHP;KWP;HDB-HA;rg-sap-140leg_klassik-prod;SLA1;Standard_M176ds_3_v3;hdb-2794-mv3;hdbkhpb;2;1;2;3;4;5;6;00
KWP;KHP;KWP;ASCS;rg-sap-140leg_klassik-prod;SLA1;Standard_E16as_v5;sapapp-l-e;ascskwp-n;3;1;2;3;4;5;6;20
KWP;KHP;KWP;PAI;rg-sap-140leg_klassik-prod;SLA1;Standard_E16as_v5;sapapp-l-e;cikwp-n;3;1;2;3;4;5;6;00
KWP;KHP;KWP;WDP;rg-sap-140leg_klassik-prod;SLA1;Standard_E16as_v5;sapapp-l-e;kwp-n;3;1;2;3;4;5;6;20
KWP;KHP;KWP;AAS;rg-sap-140leg_klassik-prod;SLA1;Standard_E16as_v5;sapapp-l-e;app60kwp-n;2;1;2;3;4;5;6;60
KWP;KHP;KWP;AAS;rg-sap-140leg_klassik-prod;SLA1;Standard_E16as_v5;sapapp-l-e;app61kwp-n;3;1;2;3;4;5;6;61
KWP;KHP;KWP;AAS;rg-sap-140leg_klassik-prod;SLA1;Standard_E16as_v5;sapapp-l-e;app62kwp-n;2;1;2;3;4;5;6;62
KWK;KHK;KWK;HDB;rg-sap-141leg_klassik-nonprod;SLA3;Standard_M176ds_4_v3;hdb-3892-mv3;hdbkhka;3;1;2;3;4;5;6;00
KWK;KHK;KWK;ASCS;rg-sap-141leg_klassik-nonprod;SLA3;Standard_E16as_v5;sapapp-l-e;ascskwk-n;3;1;2;3;4;5;6;20
KWK;KHK;KWK;PAI;rg-sap-141leg_klassik-nonprod;SLA3;Standard_E16as_v5;sapapp-l-e;cikwk-n;3;1;2;3;4;5;6;00
KWK;KHK;KWK;WDP;rg-sap-141leg_klassik-nonprod;SLA3;Standard_E16as_v5;sapapp-l-e;kwk-n;3;1;2;3;4;5;6;20
KWI;KHI;KWI;HDB;rg-sap-141leg_klassik-nonprod;SLA3;Standard_E64ds_v5;hdb-xs-e;hdbkhia;3;1;2;3;4;5;6;82
KWI;KHI;KWI;ASCS;rg-sap-141leg_klassik-nonprod;SLA3;Standard_E8as_v5;sapapp-m-e;ascskwi-n;3;1;2;3;4;5;6;83
KWI;KHI;KWI;PAI;rg-sap-141leg_klassik-nonprod;SLA3;Standard_E8as_v5;sapapp-m-e;cikwi-n;3;1;2;3;4;5;6;82
KWI;KHI;KWI;WDP;rg-sap-141leg_klassik-nonprod;SLA3;Standard_E8as_v5;sapapp-m-e;kwi-n;3;1;2;3;4;5;6;83
KWX;KHX;KWX;HDB;rg-sap-141leg_klassik-nonprod;SLA3;Standard_M176ds_4_v3;hdb-3892-mv3;hdbkhxa;3;1;2;3;4;5;6;00
KWX;KHX;KWX;ASCS;rg-sap-141leg_klassik-nonprod;SLA3;Standard_E16as_v5;sapapp-l-e;ascskwx-n;3;1;2;3;4;5;6;20
KWX;KHX;KWX;PAI;rg-sap-141leg_klassik-nonprod;SLA3;Standard_E16as_v5;sapapp-l-e;cikwx-n;3;1;2;3;4;5;6;00
KWX;KHX;KWX;WDP;rg-sap-141leg_klassik-nonprod;SLA3;Standard_E16as_v5;sapapp-l-e;kwx-n;3;1;2;3;4;5;6;20
KWT;KHT;KWT;HDB;rg-sap-141leg_klassik-nonprod;SLA4;Standard_M208s_v2;hdb-l-m;hdbkhta;3;1;2;3;4;5;6;00
KWT;KHT;KWT;ASCS;rg-sap-141leg_klassik-nonprod;SLA4;Standard_E32as_v5;sapapp-xl-e;ascskwt-n;3;1;2;3;4;5;6;20
KWT;KHT;KWT;PAI;rg-sap-141leg_klassik-nonprod;SLA4;Standard_E32as_v5;sapapp-xl-e;paikwt-n;3;1;2;3;4;5;6;00
KWT;KHT;KWT;WDP;rg-sap-141leg_klassik-nonprod;SLA4;Standard_E32as_v5;sapapp-xl-e;kwt-n;3;1;2;3;4;5;6;20
KWS;KHS;KWS;HDB;rg-sap-141leg_klassik-nonprod;SLA4;Standard_M96ds_2_v3;hdb-1946-mv3;hdbkhsa;3;1;2;3;4;5;6;00
KWS;KHS;KWS;ASCS;rg-sap-141leg_klassik-nonprod;SLA4;Standard_E8as_v5;sapapp-m-e;ascskws-n;3;1;2;3;4;5;6;20
KWS;KHS;KWS;PAI;rg-sap-141leg_klassik-nonprod;SLA4;Standard_E8as_v5;sapapp-m-e;paikws-n;3;1;2;3;4;5;6;00
KWS;KHS;KWS;WDP;rg-sap-141leg_klassik-nonprod;SLA4;Standard_E8as_v5;sapapp-m-e;kws-n;3;1;2;3;4;5;6;20
KWW;KHW;KWW;HDB;rg-sap-141leg_klassik-nonprod;SLA3;Standard_E64ds_v5;hdb-xs-e;hdbkhwa;3;1;2;3;4;5;6;00
KWW;KHW;KWW;ASCS;rg-sap-141leg_klassik-nonprod;SLA3;Standard_E8as_v5;sapapp-m-e;ascskww-n;3;1;2;3;4;5;6;20
KWW;KHW;KWW;PAI;rg-sap-141leg_klassik-nonprod;SLA3;Standard_E8as_v5;sapapp-m-e;cikww-n;3;1;2;3;4;5;6;00
KWW;KHW;KWW;WDP;rg-sap-141leg_klassik-nonprod;SLA3;Standard_E8as_v5;sapapp-m-e;kww-n;3;1;2;3;4;5;6;20
HRP;HHP;HRP;HDB;rg-sap-120hcm-prod;SLA1;Standard_E48ds_v5;hdb-xs-e;hdbhhpa;3;1;2;3;4;5;6;30
HRP;HHP;HRP;HDB-HA;rg-sap-120hcm-prod;SLA1;Standard_E48ds_v5;hdb-t-e;hdbhhpb;2;1;2;3;4;5;6;30
HRP;HHP;HRP;ASCS;rg-sap-120hcm-prod;SLA1;Standard_E32as_v5;sapapp-xl-e;ascshrp-n;3;1;2;3;4;5;6;32
HRP;HHP;HRP;PAI;rg-sap-120hcm-prod;SLA1;Standard_E32as_v5;sapapp-xl-e;cihrp-n;3;1;2;3;4;5;6;30
HRP;HHP;HRP;WDP;rg-sap-120hcm-prod;SLA1;Standard_E32as_v5;sapapp-xl-e;hrp-n;3;1;2;3;4;5;6;32
HRP;HHP;HRP;AAS;rg-sap-120hcm-prod;SLA1;Standard_E32as_v5;sapapp-xl-e;app60hrp-n;2;1;2;3;4;5;6;60
HRK;HHK;HRK;HDB;rg-sap-121hcm-nonprod;SLA3;Standard_E32ds_v5;hdb-t-e;hdbhhka;3;1;2;3;4;5;6;35
HRK;HHK;HRK;ASCS;rg-sap-121hcm-nonprod;SLA3;Standard_E32as_v5;sapapp-xl-e;ascshrk-n;3;1;2;3;4;5;6;34
HRK;HHK;HRK;PAI;rg-sap-121hcm-nonprod;SLA3;Standard_E32as_v5;sapapp-xl-e;cihrk-n;3;1;2;3;4;5;6;35
HRK;HHK;HRK;WDP;rg-sap-121hcm-nonprod;SLA3;Standard_E32as_v5;sapapp-xl-e;hrk-n;3;1;2;3;4;5;6;34
HRS;HHS;HRS;HDB;rg-sap-121hcm-nonprod;SLA4;Standard_E64ds_v5;hdb-xs-e;hdbhhsa;3;1;2;3;4;5;6;37
HRS;HHS;HRS;ASCS;rg-sap-121hcm-nonprod;SLA4;Standard_E8as_v5;sapapp-m-e;ascshrs-n;3;1;2;3;4;5;6;36
HRS;HHS;HRS;PAI;rg-sap-121hcm-nonprod;SLA4;Standard_E8as_v5;sapapp-m-e;paihrs-n;3;1;2;3;4;5;6;37
HRS;HHS;HRS;WDP;rg-sap-121hcm-nonprod;SLA4;Standard_E8as_v5;sapapp-m-e;hrs-n;3;1;2;3;4;5;6;36
HRI;HHI;HRI;HDB;rg-sap-121hcm-nonprod;SLA3;Standard_E32ds_v5;hdb-t-e;hdbhhia;3;1;2;3;4;5;6;37
HRI;HHI;HRI;ASCS;rg-sap-121hcm-nonprod;SLA3;Standard_E32as_v5;sapapp-xl-e;ascshri-n;3;1;2;3;4;5;6;36
HRI;HHI;HRI;PAI;rg-sap-121hcm-nonprod;SLA3;Standard_E32as_v5;sapapp-xl-e;cihri-n;3;1;2;3;4;5;6;37
HRI;HHI;HRI;WDP;rg-sap-121hcm-nonprod;SLA3;Standard_E32as_v5;sapapp-xl-e;hri-n;3;1;2;3;4;5;6;36
HRW;HHW;HRW;HDB;rg-sap-121hcm-nonprod;SLA4;Standard_E32ds_v5;hdb-t-e;hdbhhwa;3;1;2;3;4;5;6;37
HRW;HHW;HRW;ASCS;rg-sap-121hcm-nonprod;SLA4;Standard_E8as_v5;sapapp-m-e;ascshrw;3;1;2;3;4;5;6;36
HRW;HHW;HRW;PAI;rg-sap-121hcm-nonprod;SLA4;Standard_E8as_v5;sapapp-m-e;cihrw;3;1;2;3;4;5;6;37
HRW;HHW;HRW;WDP;rg-sap-121hcm-nonprod;SLA4;Standard_E8as_v5;sapapp-m-e;hrw;3;1;2;3;4;5;6;36
HRX;HHX;HRX;HDB;rg-sap-121hcm-nonprod;SLA4;Standard_E48ds_v5;hdb-xxs-e;hdbhhxa;3;1;2;3;4;5;6;35
HRX;HHX;HRX;ASCS;rg-sap-121hcm-nonprod;SLA4;Standard_E8as_v5;sapapp-m-e;ascshrx;3;1;2;3;4;5;6;34
HRX;HHX;HRX;PAI;rg-sap-121hcm-nonprod;SLA4;Standard_E8as_v5;sapapp-m-e;cihrx;3;1;2;3;4;5;6;35
HRX;HHX;HRX;WDP;rg-sap-121hcm-nonprod;SLA4;Standard_E8as_v5;sapapp-m-e;hrx;3;1;2;3;4;5;6;34
HRT;HHT;HRT;HDB;rg-sap-121hcm-nonprod;SLA4;Standard_E48ds_v5;hdb-xxs-e;hdbhhta;3;1;2;3;4;5;6;30
HRT;HHT;HRT;ASCS;rg-sap-121hcm-nonprod;SLA4;Standard_E8as_v5;sapapp-m-e;ascshrt;3;1;2;3;4;5;6;32
HRT;HHT;HRT;PAI;rg-sap-121hcm-nonprod;SLA4;Standard_E8as_v5;sapapp-m-e;cihrt;3;1;2;3;4;5;6;30
HRT;HHT;HRT;WDP;rg-sap-121hcm-nonprod;SLA4;Standard_E8as_v5;sapapp-m-e;hrt;3;1;2;3;4;5;6;32
MU1;MH1;MU1;HDB;rg-sap-011msb-nonprod;SLA4;Standard_E64ds_v5;hdb-xs-e;hdbmh1a;1;1;2;3;4;5;6;05
MU1;MH1;MU1;ASCS;rg-sap-011msb-nonprod;SLA4;Standard_E8as_v5;sapapp-m-e;ascses2mu1;1;1;2;3;4;5;6;25
MU1;MH1;MU1;PAI;rg-sap-011msb-nonprod;SLA4;Standard_E8as_v5;sapapp-m-e;paimu1;1;1;2;3;4;5;6;05
MU1;MH1;MU1;WDP;rg-sap-011msb-nonprod;SLA4;Standard_E8as_v5;sapapp-m-e;mu1;1;1;2;3;4;5;6;05
CRW;CDW;CRW;HDB;rg-sap-051leg_crm-nonprod;SLA3;Standard_E64ds_v5;hdb-xs-e;hdbcdwa;3;1;2;3;4;5;6;06
CRW;CDW;CRW;ASCS;rg-sap-051leg_crm-nonprod;SLA3;Standard_E8as_v5;sapapp-m-e;ascscrw-n;3;1;2;3;4;5;6;26
CRW;CDW;CRW;PAI;rg-sap-051leg_crm-nonprod;SLA3;Standard_E8as_v5;sapapp-m-e;cicrw-n;3;1;2;3;4;5;6;06
CRW;CDW;CRW;WDP;rg-sap-051leg_crm-nonprod;SLA3;Standard_E8as_v5;sapapp-m-e;crw-n;3;1;2;3;4;5;6;26
CRX;CDX;CRX;HDB;rg-sap-051leg_crm-nonprod;SLA3;Standard_E96ds_v5;hdb-s-e;hdbcdxa;3;1;2;3;4;5;6;06
CRX;CDX;CRX;ASCS;rg-sap-051leg_crm-nonprod;SLA3;Standard_E16as_v5;sapapp-l-e;ascscrx-n;3;1;2;3;4;5;6;26
CRX;CDX;CRX;PAI;rg-sap-051leg_crm-nonprod;SLA3;Standard_E16as_v5;sapapp-l-e;cicrx-n;3;1;2;3;4;5;6;06
CRX;CDX;CRX;WDP;rg-sap-051leg_crm-nonprod;SLA3;Standard_E16as_v5;sapapp-l-e;crx-n;3;1;2;3;4;5;6;26
LWW;LDW;LWW;HDB;rg-sap-041leg_liefer-nonprod;SLA3;Standard_E64ds_v5;hdb-xs-e;hdbldwa;3;1;2;3;4;5;6;02
LWW;LDW;LWW;ASCS;rg-sap-041leg_liefer-nonprod;SLA3;Standard_E8as_v5;sapapp-m-e;ascslww-n;3;1;2;3;4;5;6;22
LWW;LDW;LWW;PAI;rg-sap-041leg_liefer-nonprod;SLA3;Standard_E8as_v5;sapapp-m-e;cilww-n;3;1;2;3;4;5;6;02
LWW;LDW;LWW;WDP;rg-sap-041leg_liefer-nonprod;SLA3;Standard_E8as_v5;sapapp-m-e;lww-n;3;1;2;3;4;5;6;22
LWX;LDX;LWX;HDB;rg-sap-041leg_liefer-nonprod;SLA3;Standard_M208ms_v2;hdb-xxlt-m;hdbldxa;3;1;2;3;4;5;6;02
LWX;LDX;LWX;ASCS;rg-sap-041leg_liefer-nonprod;SLA3;Standard_E16as_v5;sapapp-l-e;ascslwx-n;3;1;2;3;4;5;6;22
LWX;LDX;LWX;PAI;rg-sap-041leg_liefer-nonprod;SLA3;Standard_E16as_v5;sapapp-l-e;cilwx-n;3;1;2;3;4;5;6;02
LWX;LDX;LWX;WDP;rg-sap-041leg_liefer-nonprod;SLA3;Standard_E16as_v5;sapapp-l-e;lwx-n;3;1;2;3;4;5;6;22
NWW;NBW;NWW;HDB;rg-sap-081leg_netz-nonprod;SLA3;Standard_E64ds_v5;hdb-xs-e;hdbnbwa;3;1;2;3;4;5;6;01
NWW;NBW;NWW;ASCS;rg-sap-081leg_netz-nonprod;SLA3;Standard_E8as_v5;sapapp-m-e;ascsnww-n;3;1;2;3;4;5;6;21
NWW;NBW;NWW;PAI;rg-sap-081leg_netz-nonprod;SLA3;Standard_E8as_v5;sapapp-m-e;cinww-n;3;1;2;3;4;5;6;01
NWW;NBW;NWW;WDP;rg-sap-081leg_netz-nonprod;SLA3;Standard_E8as_v5;sapapp-m-e;nww-n;3;1;2;3;4;5;6;21
NWX;NBX;NWX;HDB;rg-sap-081leg_netz-nonprod;SLA3;Standard_M208s_v2;hdb-l-m;hdbnbxa;3;1;2;3;4;5;6;01
NWX;NBX;NWX;ASCS;rg-sap-081leg_netz-nonprod;SLA3;Standard_E16as_v5;sapapp-l-e;ascsnwx-n;3;1;2;3;4;5;6;21
NWX;NBX;NWX;PAI;rg-sap-081leg_netz-nonprod;SLA3;Standard_E16as_v5;sapapp-l-e;cinwx-n;3;1;2;3;4;5;6;01
NWX;NBX;NWX;WDP;rg-sap-081leg_netz-nonprod;SLA3;Standard_E16as_v5;sapapp-l-e;nwx-n;3;1;2;3;4;5;6;21
CRT;CDT;CRT;HDB;rg-sap-051leg_crm-nonprod;SLA4;Standard_E96ds_v5;hdb-s-e;hdbcdta;3;1;2;3;4;5;6;06
CRT;CDT;CRT;ASCS;rg-sap-051leg_crm-nonprod;SLA4;Standard_E16as_v5;sapapp-l-e;ascscrt-n;3;1;2;3;4;5;6;26
CRT;CDT;CRT;PAI;rg-sap-051leg_crm-nonprod;SLA4;Standard_E16as_v5;sapapp-l-e;paicrt-n;3;1;2;3;4;5;6;06
CRT;CDT;CRT;WDP;rg-sap-051leg_crm-nonprod;SLA4;Standard_E16as_v5;sapapp-l-e;crt-n;3;1;2;3;4;5;6;26
LWT;LDT;LWT;HDB;rg-sap-041leg_liefer-nonprod;SLA4;Standard_M208ms_v2;hdb-xxlt-m;hdbldta;3;1;2;3;4;5;6;02
LWT;LDT;LWT;ASCS;rg-sap-041leg_liefer-nonprod;SLA4;Standard_E16as_v5;sapapp-l-e;ascslwt-n;3;1;2;3;4;5;6;22
LWT;LDT;LWT;PAI;rg-sap-041leg_liefer-nonprod;SLA4;Standard_E16as_v5;sapapp-l-e;pailwt-n;3;1;2;3;4;5;6;02
LWT;LDT;LWT;WDP;rg-sap-041leg_liefer-nonprod;SLA4;Standard_E16as_v5;sapapp-l-e;lwt-n;3;1;2;3;4;5;6;22
NWT;NBT;NWT;HDB;rg-sap-081leg_netz-nonprod;SLA4;Standard_M208s_v2;hdb-l-m;hdbnbta;3;1;2;3;4;5;6;01
NWT;NBT;NWT;ASCS;rg-sap-081leg_netz-nonprod;SLA4;Standard_E16as_v5;sapapp-l-e;ascsnwt-n;3;1;2;3;4;5;6;21
NWT;NBT;NWT;PAI;rg-sap-081leg_netz-nonprod;SLA4;Standard_E16as_v5;sapapp-l-e;painwt-n;3;1;2;3;4;5;6;01
NWT;NBT;NWT;WDP;rg-sap-081leg_netz-nonprod;SLA4;Standard_E16as_v5;sapapp-l-e;nwt-n;3;1;2;3;4;5;6;21
NA1;NH1;NA1;HDB;rg-sap-999ops_sbx-nonprod;SLA4;Standard_E48ds_v5;hdb-xxs-e;hdbnh1a;3;1;2;3;4;5;6;01
NA1;NH1;NA1;HDB-HA;rg-sap-999ops_sbx-nonprod;SLA4;Standard_E48ds_v5;hdb-xxs-e;hdbnh1b;2;1;2;3;4;5;6;01
NA1;NH1;NA1;ASCS;rg-sap-999ops_sbx-nonprod;SLA4;Standard_D4as_v4;sapapp-t-d;ascsna1;3;1;2;3;4;5;6;02
NA1;NH1;NA1;PAI;rg-sap-999ops_sbx-nonprod;SLA4;Standard_D4as_v4;sapapp-t-d;paina1;3;1;2;3;4;5;6;01
NA1;NH1;NA1;WDP;rg-sap-999ops_sbx-nonprod;SLA4;Standard_D4as_v4;sapapp-t-d;na1;3;1;2;3;4;5;6;02
NA1;NH1;NA1;AAS;rg-sap-999ops_sbx-nonprod;SLA4;Standard_D4as_v4;sapapp-t-d;app60na1;2;1;2;3;4;5;6;60
AS1;HS1;AS1;HDB;rg-sap-999ops_sbx-nonprod;SLA4;Standard_E48ds_v5;hdb-xxs-e;hdbhs1a;3;1;2;3;4;5;6;01
AS1;HS1;AS1;ASCS;rg-sap-999ops_sbx-nonprod;SLA4;Standard_D4as_v4;sapapp-t-d;ascsas1;3;1;2;3;4;5;6;02
AS1;HS1;AS1;PAI;rg-sap-999ops_sbx-nonprod;SLA4;Standard_D4as_v4;sapapp-t-d;paias1;3;1;2;3;4;5;6;01
AS1;HS1;AS1;WDP;rg-sap-999ops_sbx-nonprod;SLA4;Standard_D4as_v4;sapapp-t-d;as1;3;1;2;3;4;5;6;02
PMT;PHT;PMT;HDB;rg-sap-999ops_sbx-nonprod;SLA4;Standard_M176ds_4_v3;hdb-3892-mv3;hdbphta;3;1;2;3;4;5;6;13
PMT;PHT;PMT;ASCS;rg-sap-999ops_sbx-nonprod;SLA4;Standard_E16as_v5;sapapp-l-e;ascspmt-n;3;1;2;3;4;5;6;33
PMT;PHT;PMT;PAI;rg-sap-999ops_sbx-nonprod;SLA4;Standard_E16as_v5;sapapp-l-e;cipmt-n;3;1;2;3;4;5;6;13
PMT;PHT;PMT;WDP;rg-sap-999ops_sbx-nonprod;SLA4;Standard_E16as_v5;sapapp-l-e;pmt-n;3;1;2;3;4;5;6;33
MUX;MHX;MUX;HDB;rg-sap-011msb-nonprod;SLA3;Standard_E64ds_v5;hdb-xs-e;hdbmhxa;1;1;2;3;4;5;6;05
MUX;MHX;MUX;ASCS;rg-sap-011msb-nonprod;SLA3;Standard_E8as_v5;sapapp-m-e;ascses2mux;1;1;2;3;4;5;6;25
MUX;MHX;MUX;PAI;rg-sap-011msb-nonprod;SLA3;Standard_E8as_v5;sapapp-m-e;paimux;1;1;2;3;4;5;6;05
MUX;MHX;MUX;WDP;rg-sap-011msb-nonprod;SLA3;Standard_E8as_v5;sapapp-m-e;mux;1;1;2;3;4;5;6;05
MUW;MHW;MUW;HDB;rg-sap-011msb-nonprod;SLA3;Standard_E64ds_v5;hdb-xs-e;hdbmhwa;1;1;2;3;4;5;6;05
MUW;MHW;MUW;ASCS;rg-sap-011msb-nonprod;SLA3;Standard_E8as_v5;sapapp-m-e;ascses2muw;1;1;2;3;4;5;6;25
MUW;MHW;MHW;PAI;rg-sap-011msb-nonprod;SLA3;Standard_E8as_v5;sapapp-m-e;paimuw;1;1;2;3;4;5;6;05
MUW;MHW;MHW;WDP;rg-sap-011msb-nonprod;SLA3;Standard_E8as_v5;sapapp-m-e;muw;1;1;2;3;4;5;6;05
PA1;PH1;PA1;HDB;rg-sap-999ops_sbx-nonprod;SLA4;Standard_E32ds_v5;hdb-t-e;hdbph1a;3;1;2;3;4;5;6;01
PA1;PH1;PA1;HDB-HA;rg-sap-999ops_sbx-nonprod;SLA4;Standard_E32ds_v5;hdb-t-e;hdbph1b;2;1;2;3;4;5;6;01
PA1;PH1;PA1;ASCS;rg-sap-999ops_sbx-nonprod;SLA4;Standard_D2s_v5;sapapp-xs-d;ascspa1;3;1;2;3;4;5;6;02
PA1;PH1;PA1;PAI;rg-sap-999ops_sbx-nonprod;SLA4;Standard_D2s_v5;sapapp-xs-d;paipa1;3;1;2;3;4;5;6;01
PA1;PH1;PA1;WDP;rg-sap-999ops_sbx-nonprod;SLA4;Standard_D2s_v5;sapapp-xs-d;pa1;3;1;2;3;4;5;6;02
PA1;PH1;PA1;AAS;rg-sap-999ops_sbx-nonprod;SLA4;Standard_D2s_v5;sapapp-xs-d;app60pa1;2;1;2;3;4;5;6;60
CWT;CHT;CWT;HDB;rg-sap-111core-nonprod;SLA4;Standard_M96ds_2_v3;hdb-1946-mv3;hdbchta;3;1;2;3;4;5;6;00
CWT;CHT;CWT;ASCS;rg-sap-111core-nonprod;SLA4;Standard_E16as_v5;sapapp-l-e;ascscwt;3;1;2;3;4;5;6;20
CWT;CHT;CWT;PAI;rg-sap-111core-nonprod;SLA4;Standard_E16as_v5;sapapp-l-e;paicwt;3;1;2;3;4;5;6;00
CWT;CHT;CWT;WDP;rg-sap-111core-nonprod;SLA4;Standard_E16as_v5;sapapp-l-e;cwt;3;1;2;3;4;5;6;20